[
  {
    "id": "cc352a7f-52e8-4f0c-9b53-ebb33cd5d017",
    "data": [
      {
        "text": "purpose",
        "userDefined": false
      }
    ],
    "isTemplate": false,
    "count": 0,
    "lang": "en",
    "updated": 0
  },
  {
    "id": "0e363917-997b-4091-aa10-974e4104c1cf",
    "data": [
      {
        "text": "explain your purpose",
        "userDefined": false
      }
    ],
    "isTemplate": false,
    "count": 0,
    "lang": "en",
    "updated": 0
  },
  {
    "id": "b82958f8-b067-48e8-8674-6f904107179d",
    "data": [
      {
        "text": "I want to know what you do",
        "userDefined": false
      }
    ],
    "isTemplate": false,
    "count": 0,
    "lang": "en",
    "updated": 0
  },
  {
    "id": "79890661-2d8e-4de7-8d39-719de42e5369",
    "data": [
      {
        "text": "I want to know what you are for",
        "userDefined": false
      }
    ],
    "isTemplate": false,
    "count": 0,
    "lang": "en",
    "updated": 0
  },
  {
    "id": "173b8abb-809d-4a3b-95d8-89453356d8ef",
    "data": [
      {
        "text": "I want to know your purpose",
        "userDefined": false
      }
    ],
    "isTemplate": false,
    "count": 0,
    "lang": "en",
    "updated": 0
  },
  {
    "id": "be90f167-cbbe-4815-9aa9-6bea7e77d72f",
    "data": [
      {
        "text": "tell me your purpose",
        "userDefined": false
      }
    ],
    "isTemplate": false,
    "count": 0,
    "lang": "en",
    "updated": 0
  },
  {
    "id": "8eef1ade-9812-488c-b156-aacf0977d458",
    "data": [
      {
        "text": "tell me what you do",
        "userDefined": false
      }
    ],
    "isTemplate": false,
    "count": 0,
    "lang": "en",
    "updated": 0
  },
  {
    "id": "5a6054a2-1e56-4b43-9de1-980254556af3",
    "data": [
      {
        "text": "what are you?",
        "userDefined": false
      }
    ],
    "isTemplate": false,
    "count": 0,
    "lang": "en",
    "updated": 0
  },
  {
    "id": "f112ee4d-a4a5-40d2-b898-1fdc3d940491",
    "data": [
      {
        "text": "tell me about yourself",
        "userDefined": false
      }
    ],
    "isTemplate": false,
    "count": 0,
    "lang": "en",
    "updated": 0
  },
  {
    "id": "a90ccb55-a989-4bf1-b1b6-219597bced1a",
    "data": [
      {
        "text": "why do you exist?",
        "userDefined": false
      }
    ],
    "isTemplate": false,
    "count": 0,
    "lang": "en",
    "updated": 0
  },
  {
    "id": "2f0db1ae-a839-4961-aaad-e638616c6add",
    "data": [
      {
        "text": "what are you for?",
        "userDefined": false
      }
    ],
    "isTemplate": false,
    "count": 0,
    "lang": "en",
    "updated": 0
  },
  {
    "id": "fd0a0d9c-6291-4a82-8588-1c3e3b4b0325",
    "data": [
      {
        "text": "what do you do?",
        "userDefined": false
      }
    ],
    "isTemplate": false,
    "count": 0,
    "lang": "en",
    "updated": 0
  },
  {
    "id": "142c698a-6ea4-4bbf-b9d3-716c3aae1b41",
    "data": [
      {
        "text": "what\u0027s your purpose?",
        "userDefined": false
      }
    ],
    "isTemplate": false,
    "count": 0,
    "lang": "en",
    "updated": 0
  }
]